cat,coast_length,L,area,slope_average,pop_sum,delta_x,DEM_average,DEM_maximum,litho_median,Dtot_average,D1_average,D1_stddev,S1_n_average,S1_n_stddev,S1_alpha_average,S1_alpha_stddev,S1_k_average,S1_k_stddev,S2_n_average,S2_n_stddev,S2_alpha_average,S2_alpha_stddev,S2_k_average,S2_k_stddev,S3_log_perm_avg,S3_log_perm_std,S3_porosity_average,S1_WCsat_average,S1_WCsat_stddev,S1_WCres_average,S1_WCres_stddev,S2_WCsat_average,S2_WCsat_stddev,S2_WCres_average,S2_WCres_stddev,Dtot_stddev
1,16.152436,3356,25.525245,2.111360166,34994.52136,3588.034,10.32505818,31,1,55.55555556,277.3809524,149.6035956,12985.38889,276.3480372,194.75,46.64902941,143353.3889,44550.80409,15667.91667,726.6140797,752.7222222,69.764529,55442.88889,39344.96495,-14,1.8,0.15,4624.722222,139.9433638,398.6111111,67.37757531,4350.055556,144.8408982,1126.944444,704.102342,33.72226798
2,42.642275,12620,195.354779,1.947009008,243823.3856,13133.978,7.216106168,22,1,157.5111111,72.74143302,154.5044086,13277.86111,149.1910258,273.7546296,48.84887861,386569.8148,136306.5628,15557.08333,218.3909434,718.4490741,49.90701724,137289.6481,48542.63048,-13.81477718,1.8,0.142591087,4434.199074,161.8278469,410,0,4148.587963,161.5701649,1157.5,687.5999927,102.3774329
3,58.063022,14019,234.18402,2.539253199,151346.9199,21908.981,8.547540019,50,1,54.39416058,343.7105263,266.6846559,13166.68675,381.8314015,249.5060241,54.38049205,213522.7108,94065.48425,15609.48996,862.2722206,752.8232932,82.11594861,82371.71888,51261.78152,-14,1.8,0.15,4597.943775,144.2412806,393.5341365,80.49769784,4327.823293,153.3223266,1180.522088,706.4630839,30.03741163
4,29.663195,12132,211.368795,2.53312925,267895.6419,12840.25,10.63256203,32,1,50.6812749,293.1195335,213.9927392,13026.68,160.9123538,205.688,33.31135926,152265.876,61253.73764,15687.308,311.8703146,763.224,48.94688779,54623.488,25853.75025,-14,1.8,0.15,4536.04,107.4888571,408.36,25.87876349,4252.108,109.8624974,1203.24,684.3808168,12.97968102
5,18.245863,5433,35.917207,3.191395976,12103.94151,5905.44,10.64554184,35,1,63.66666667,331.09375,200.0087278,13234.88889,151.5467251,217.6,47.93996245,171777.2222,63724.51806,15955.86667,189.3837492,772.5333333,60.59321561,61587.68889,23307.20556,-14,1.8,0.15,4764.622222,160.5830057,410,0,4478.6,160.6137396,1084.666667,689.8296086,51.13598429
6,12.884367,4392,21.332439,3.435444044,3046.279839,6031.488,9.622098422,36,1,66.4,277.9411765,251.5221825,13080.5,536.2979794,239.0454545,74.15859986,222413.4091,102006.638,15515.22727,1289.647589,732.8181818,110.7378708,94078.5,67502.45055,-14,1.8,0.15,4716.681818,191.9745216,372.7272727,117.8667128,4466.318182,184.5738055,1188.181818,731.4657536,55.61510586
7,7.556747,6542,26.233206,2.237010766,27759.17961,11247.004,9.951009723,26,1,50,390,291.5475947,13002.13333,320.5056144,208.6333333,52.85293012,175168.5333,97059.73787,15552.2,772.261631,732.8333333,68.16992657,68330.26667,51769.843,-14,1.8,0.15,4555.2,135.9071742,396.3333333,73.59725236,4282.3,148.2109195,948.3333333,691.0575631,0
11,37.44473,12702,119.345026,7.056414696,35608.29268,14992.418,60.71947494,288,10,17.67153285,296.2176166,121.9007253,12914.0438,106.975464,138.6569343,20.88775633,41654.89781,29813.71477,16144.40146,217.3585104,789.7153285,50.38087763,14776.05109,10826.65751,-12.93159222,1.8,0.107263689,4966.605839,159.9613255,410,0,4681.131387,159.9710201,1094.963504,689.9816184,52.0820674
12,17.627664,26278,154.211894,12.45863023,42918.25626,26143,270.8256006,1155,10,3.289617486,355.0194553,155.0050194,13014.62842,122.0352617,142.6939891,20.94422249,49259.73224,14493.87051,16423.14208,247.6704613,835.4043716,59.64861023,17587.71038,5298.436479,-12.53767933,1.8,0.091507173,5140.770492,169.3156324,410,0,4854.928962,169.3159506,1141.47541,688.7523433,3.151589306
13,13.037539,17713,113.129755,12.67172111,34893.93246,17728,208.8793552,725,10,2.851851852,380.1104972,149.5924074,12952.4963,119.9539958,130.9259259,21.5906803,51154.73333,8275.441241,16394.94074,200.5710279,818.6222222,54.47376081,18137.34074,2952.441125,-12.5255854,1.8,0.091023416,5143.837037,140.0917798,410,0,4858.118519,140.0736342,1207.333333,681.6007303,3.118685665
14,12.221482,7538,51.264983,8.158471704,20140.98215,7919,83.25306279,285,1,9.583333333,408.4337349,161.7858314,12946.35,143.3911695,128.7,30.77027787,54016.21667,8839.414934,16404.18333,202.36341,807,74.34558942,19295.1,3141.8695,-13.43479125,1.796868787,0.130919483,5174.283333,189.906213,410,0,4888.45,190.0095984,1100,690,2.847757402
16,4.496059,13198,41.453141,15.60846661,10523.18006,14018,322.515503,999,10,1.428571429,339.7058824,84.26098442,13073.5102,106.0875885,155.5714286,17.96140988,47817.5102,5740.0793,16468.08163,238.7642366,861.2244898,47.43040672,17203.53061,2130.393622,-12.53768382,1.8,0.091507353,5141.244898,176.5660575,410,0,4855.040816,176.6054012,1029.591837,686.3983468,1.726149425
17,18.005138,17846,134.210951,13.59820023,58252.43184,17797,327.5321436,1397,10,1.3875,373.3962264,115.1363981,13078.4625,94.75830356,160.90625,16.76968875,53597.08125,9138.476453,16346.01875,256.0759524,834.2,45.82818456,19027.76875,3214.107328,-12.5,1.8,0.09,5073.03125,189.8546293,410,0,4787.4125,189.7052446,1125.875,689.5146731,1.639311975
18,16.85529,22321,180.737375,13.68062794,56975.6474,21532,367.5225611,1436,10,1.658878505,474.829932,191.4547023,13045.35047,111.5366901,151.1308411,19.18702059,48118.34112,10213.63797,16402.12617,369.9128945,838.8411215,60.33359746,17142.1028,3615.91888,-12.5045007,1.8,0.090180028,5109.457944,262.666388,410,0,4823.602804,262.5133485,1158.037383,687.554843,2.338321679
19,17.131314,13629,77.130642,12.57861502,41570.33014,13774,200.474139,687,10,3.873563218,419.6774194,205.2454686,13036.37931,96.76422838,158.2068966,19.97592685,52953.11494,10236.97512,16263.8046,201.7364754,820.908046,48.69719532,18980.27586,3596.357802,-12.59564258,1.8,0.093825703,5016.390805,152.7551836,410,0,4730.62069,152.851535,1171.37931,686.2980359,8.680543176
20,24.808803,4888,43.057758,4.734965632,28774.31916,7996.23,12.24137143,110,1,53.94230769,494.2647059,242.3555736,12935.07843,732.9611135,279.9019608,67.254639,214762.2157,52938.71562,15023.31373,1746.640591,720.9803922,148.5515016,108802.3333,82929.33445,-14,1.8,0.15,4629.352941,114.1745866,329.6078431,162.781711,4419.254902,130.4309363,897.8431373,761.0089117,28.15370823
21,10.642403,12111,71.441121,8.665382729,13779.25861,12094.851,100.4470217,330,10,8.819277108,382.2689076,97.36388452,12855.84337,121.7070829,106.1325301,22.52376046,39531.25301,6785.825567,16584.20482,175.5552814,821.3855422,65.71494325,14069.18072,2361.136694,-12.25136224,1.669758351,0.226793414,5315.26506,163.6448612,410,0,5029.493976,163.5721994,925.4216867,667.5495581,6.230791356
23,7.943256,11134,59.877764,5.390469285,117209.7082,11941.217,25.41785656,264,1,37.56944444,358.0412371,170.9261562,12996.88732,282.2726456,203.0704225,42.86708049,142219.7042,53209.18744,15692.12676,732.1467937,766.5070423,75.50335749,54901.76056,40834.90608,-13.47025856,1.8,0.128810342,4629.84507,113.6513879,398.4507042,67.83675283,4355.211268,119.3754776,1117.605634,704.6015052,19.05972075
24,78.386405,12538,308.292497,11.82118521,522232.0456,14375.62,135.2344054,735,10,11.84699454,328.6060606,125.1095535,13383.94809,471.0253784,192.2322404,49.11832651,93151.73497,61881.43962,16711.45628,717.0552806,898.215847,101.9125837,34134.12842,26716.86577,-12.62493628,1.8,0.094997451,5285.043716,423.0429234,407.7595628,30.22514973,5001.420765,417.5991987,1192.021858,686.7622297,16.13852531
25,26.896406,15832,244.810918,16.03215204,207402.7741,16396,469.6332091,1721,10,1.310580205,469.8214286,190.2488133,13181.75085,163.5631075,149.2354949,25.38446697,32737.31058,17094.45267,16853.96928,465.2788174,897.0716724,72.09847018,11699.31058,6060.433161,-12.50343547,1.8,0.090137419,5414.372014,322.1853835,410,0,5128.423208,321.8777751,1158.87372,687.4837344,1.621882361
26,48.334989,16164,290.430922,10.50459403,225393.1317,17689.838,202.1919746,1300,10,8.290697674,562.2198732,179.0541813,13075.30233,263.2584533,135.2296512,29.49935245,32200.75291,10605.47039,16759.01453,550.1743089,875.3023256,85.43371833,11586.39244,4923.889392,-12.69987315,1.8,0.097994926,5381.729651,300.6804389,408.8081395,22.07356472,5096.77907,298.1936179,1167.005814,688.2903829,31.70847084
27,7.866987,5390,22.128136,2.584446221,159721.9765,5739.559,10.19849023,27,1,50,194.1176471,242.9611158,13101.65217,104.3749965,221.5652174,27.74703445,163640.3043,36245.17797,15649.21739,217.2956224,746.4347826,46.01590093,58372.69565,13056.69918,-14,1.8,0.15,4503.086957,161.9342091,410,0,4217.478261,162.0957499,1010,684.1052551,0
29,33.631823,8618,62.907291,2.526760385,48310.84714,12354.409,6.977269164,36,1,118.1111111,269.8989899,248.4192243,12953.43636,613.3920225,250.3272727,73.10591433,231436.0364,134963.623,15167.92727,1599.663577,707.0545455,149.9085076,95937.14545,72442.40625,-14,1.8,0.15,4643.090909,130.1078256,350.3636364,144.5489994,4413.490909,174.6643402,977.6363636,753.5756308,96.81304371
31,7.128026,5970,37.958193,3.719809936,20946.71049,7952.833,8.845055801,53,1,83.37209302,214.1935484,213.0541987,13006.8125,493.6234925,235.84375,66.54467925,210345.1563,148292.4646,15491.6875,1377.004276,764.28125,144.6044679,82940.875,68776.86957,-14,1.8,0.15,4673.40625,202.3131637,371.5625,119.5070441,4424.125,219.3455821,932.1875,718.8477515,75.68079332
32,38.681242,12218,158.432031,2.51359351,324212.4903,14692.218,8.271869374,35,1,78.8,236.8846154,211.663526,12954.66463,438.0976096,212.304878,62.63038868,154243.6951,110255.7333,15522.5122,1199.55157,748.4756098,120.8217015,61335.15854,57950.8727,-14,1.8,0.15,4665.445122,131.2683554,380,106.7707825,4408.329268,153.7655449,1036.341463,725.0845404,71.25165147
33,12.983176,1667,11.487892,2.157556738,3159.042756,2783.774,8.076588338,20,1,62.8125,99.5,219.3279508,12839.54545,814.8183695,292.3636364,77.22608218,310848.2727,169679.0492,14614.72727,2046.827261,653.8181818,188.2178709,136832.9091,84669.46365,-14,1.8,0.15,4658.909091,258.5587517,298.1818182,182.5983263,4478.181818,289.6737407,925.4545455,803.6096252,49.62259912
34,14.465093,22278,121.206681,5.145742473,547786.5215,22487.024,159.2184104,1168,10,16.59310345,362.0304569,207.5697891,13550.34266,317.1274722,216.034965,48.87352202,139755.2587,101230.9301,16741.74825,769.090667,901.3146853,112.3343797,50051.6993,36858.42962,-12.86101875,1.8,0.10444075,5275.314685,529.3277491,410,0,4989.335664,529.193752,1143.426573,688.6320735,20.36003406
35,9.565944,8007,25.769628,2.741800756,70128.07313,8588.625,9.991194487,31,1,49.46875,204.5652174,235.1937825,13675.67742,324.0804746,318.7741935,48.57831036,358243.6452,195992.4238,16078.16129,580.8198375,822.3870968,112.6947568,130437.4839,70326.73429,-14,1.8,0.15,4763.419355,390.053493,410,0,4476.709677,389.3608653,1255.806452,672.1788078,2.957874818
36,6.904127,18595,107.129187,2.911612259,178921.3668,19438.823,10.50966737,51,1,49.96721311,339.9415205,163.6445194,13030.4188,183.4332706,191.9230769,53.03766664,137722.9658,113619.9785,15902.44444,199.5721254,797.3333333,48.19352015,48865.01709,40332.95315,-13.51737268,1.8,0.130694907,4690.384615,150.8291526,410,0,4404.948718,150.9576748,1188.461538,684.3058937,0.360655738
37,7.833649,2736,15.699077,2.079504597,27138.88529,2747.672,10.01684342,24,1,49.94444444,303.3333333,218.4626419,12933.33333,94.1352455,184.5555556,23.98430557,160879.0556,33154.00039,15607.33333,168.2706154,735.2222222,45.97409362,56827.77778,11900.93984,-14,1.8,0.15,4496.944444,121.0038898,410,0,4211.166667,121.1423634,1253.333333,672.7472697,0.229061424
38,17.080025,27511,109.611455,3.612427983,116231.7987,24496,53.30144097,386,10,30.94656489,332.0689655,139.7875065,13131.80153,253.2544332,196.4122137,40.33369781,154037.9008,52217.59174,15981.61832,383.6353918,794.4656489,69.90793266,54679.9084,18786.01596,-12.86791746,1.8,0.104716699,4764.160305,271.311455,410,0,4478.549618,271.1894134,1168.473282,686.5940646,45.319782
40,85.978378,12010,230.167244,15.18171965,40157.52934,12103.629,264.4995311,842,10,15.50561798,381.7914439,112.5031162,12864.78652,135.7295564,114.576779,26.52616375,61271.33333,25271.54079,16377.48689,269.2588712,787.329588,56.53711771,21840.74157,8891.634513,-12.45809825,1.749592868,0.145115965,5178.097378,217.0226474,410,0,4892.172285,216.8634089,1174.94382,685.9179425,58.44613198
41,13.009067,12958,72.770159,10.15741213,10162.19385,13151.151,187.0338093,569,100,16.41666667,381.1965812,83.44261955,12763.97619,126.2409805,118.4761905,25.43126881,71545.54762,24516.08297,16065.20238,175.5752979,761.0238095,42.21542716,25375.36905,8783.024124,-11.90822239,1.546301775,0.352162229,4925.559524,171.5766073,410,0,4640.02381,171.6275713,1149.285714,688.237545,60.03871932
42,6.674558,19862,45.872124,4.316982011,46854.67077,21452,154.9623083,916,10,22.96226415,406.6666667,47.23259335,13398.01887,124.9453451,224.2830189,43.94008672,172638.717,64213.34243,16307.69811,499.0314614,841.2641509,80.87123493,61457.07547,23060.71361,-12.99778024,1.8,0.10991121,4982.396226,355.5090074,410,0,4696.622642,355.7028772,1347.358491,644.1380109,66.61830511
43,19.479274,10332,132.462393,14.59801246,36670.01163,10402.376,238.6955431,1064,10,7.04516129,387.2685185,107.8769967,12944.8129,147.0711826,128.8967742,33.21623664,76762.39355,38033.61408,16369.05806,418.586288,792.0064516,71.58189506,27392.59355,13634.84025,-12.8989899,1.8,0.105959596,5154.03871,302.7508053,410,0,4867.935484,302.6843917,1148.967742,688.2602417,29.76625973
44,56.837491,11412,167.652395,11.76295361,33274.54416,9596.007,150.4167253,395,100,17.91836735,403.6162362,85.53836645,12879.15816,132.4900862,139.4846939,22.15079974,88750.29082,13832.96109,16040.89286,193.5950269,768.3928571,61.31629066,31720.27041,4972.108202,-11.99526372,1.583684453,0.313526065,4884.321429,145.3753893,410,0,4598.464286,145.432163,1043.673469,687.697115,63.19013638
45,134.378967,16146,362.558613,16.79503519,117887.1441,13962.022,272.3854369,973,10,6.869158879,375.8965517,141.816016,13018.58314,157.0320885,144.8173302,33.71264962,71443.66979,37337.29493,16355.26932,280.233267,808.6604215,72.10062837,30822.39578,118481.0696,-12.69966436,1.785023122,0.114860524,5116.309133,200.3558497,409.0398126,19.81804368,4835.826698,216.3568761,1142.669789,689.9261007,36.42046362
46,61.711115,19449,410.799078,8.61507219,55647.63011,21020.808,254.5826723,583,100,14.80497925,408.9237668,83.68766325,12782.8444,104.5000877,114.5373444,16.81827621,63076.08299,14599.34012,16152.1639,200.9110683,767.3962656,54.25732666,22352.44606,5164.104755,-12.06938922,1.615452525,0.280699058,5005.275934,147.7309311,410,0,4719.711618,147.6731905,1108.589212,689.9465381,57.35941985
47,23.080076,14475,165.487197,9.675659687,22487.83036,14413.673,139.0368134,393,100,5.659793814,409.7026022,60.04261833,12813.37629,86.525949,128.6030928,14.02472745,82580.32474,15600.95944,16027.88144,208.0421284,768.1391753,51.26529152,29347.65979,5519.322811,-12.12843965,1.64075985,0.254548155,4878.896907,145.350801,410,0,4593.190722,145.2918489,1078.659794,689.6699179,31.32943894
50,5.614804,6664,41.678329,2.657185214,146436.3956,8288.524,10.50236183,59,1,45.25,519.5652174,203.3803803,12985.07692,146.182821,181.9807692,30.44887922,101761.0769,26494.94439,15818.13462,168.680402,770.6538462,47.50217996,36292.65385,9659.273233,-13.98245614,1.8,0.149298246,4656.211538,116.059225,410,0,4370.730769,115.9398245,1126.538462,689.4894561,12.39707627
52,5.753761,7563,20.579539,2.057098139,22743.59035,8583,11.22355769,55,10,68.59090909,162.9411765,245.3392539,13183.72727,210.3726524,238.4090909,64.28746456,264850.7727,175796.2091,15706.22727,231.3975194,742.6363636,64.13731395,95655.54545,63733.68066,-13.11325188,1.8,0.114530075,4562.181818,167.4934561,410,0,4275.818182,168.0442681,1225.454545,678.4991946,75.56734449
53,25.280229,8150,118.177768,5.972688056,151492.3227,8351.288,67.32415571,366,10,17.22463768,433.59375,228.9106939,12846.26087,108.5799848,155.1956522,18.99613183,62829.62319,18250.03682,15926.95652,244.3338139,786.5652174,47.53243843,22178.28986,6440.173931,-13.11412329,1.8,0.114564931,4743.507246,176.0813895,410,0,4458.086957,175.9523766,1220,679.4850992,18.76012504
54,12.395947,11332,67.935747,2.907781761,112499.1097,12054.536,10.23876932,35,1,57.45121951,376.6055046,254.984152,13042.63415,84.63357349,192.402439,24.84677913,128043.878,22133.06368,15817.02439,175.7070716,769.3780488,48.06592024,45161.58537,8065.845662,-14,1.8,0.15,4645.682927,141.1583506,410,0,4360.280488,141.1819682,1167.317073,686.7083891,38.49901882
55,11.648886,5507,38.069951,4.516029355,51447.8374,6190.086,32.78176653,124,10,18.6744186,425.9677419,228.6034719,12842.95349,106.5965996,151.7906977,19.2167056,59794.11628,13501.40911,15928.30233,182.3585192,775.1395349,43.04707072,21081.97674,4516.591499,-13.07544757,1.8,0.113017903,4769.674419,143.1911588,410,0,4484.72093,143.110841,1083.953488,689.8133874,19.60389251
57,11.582536,4578,24.964165,3.013403411,36442.75561,5080.348,11.98462145,37,1,55.96428571,280.9756098,190.5550926,13023.32143,323.0813756,211.6785714,45.98917075,216808.75,79009.81546,15481.96429,820.0262836,699,77.5080641,80464.89286,38816.25005,-14,1.8,0.15,4560.928571,154.6255682,395.3571429,76.08651762,4288.642857,173.4087274,937.5,689.8582929,58.20682468
58,9.396322,4980,23.027038,3.231559399,64792.81144,6307.207,17.63106383,49,1,33.62962963,283.3333333,191.1280056,13073.81481,78.51210666,225.037037,22.62001978,227842,59723.09453,15535.22222,133.0820781,728.7407407,38.09208394,80854.07407,21399.65272,-14,1.8,0.15,4407.296296,115.2311091,410,0,4121.555556,114.866858,1278.888889,666.407357,21.14876434
62,15.113179,16793,143.88963,3.0981926,367843.995,18190.266,19.69361992,257,1,44.36094675,426.0504202,224.7172583,12955.36095,212.9683837,182.556213,35.3891064,111647.213,29565.20286,15764.73373,182.3796842,767.5325444,47.09163112,39360.71598,10413.58653,-13.88128706,1.8,0.145251482,4603.751479,117.9621231,410,0,4318.455621,117.9365971,1087.751479,689.8912768,13.32768224
63,24.074521,19334,205.989321,3.881754037,309084.7919,18805.642,102.8350707,785,10,13.4338843,388.1081081,96.33070086,13126.47718,279.5619731,196.1369295,22.08550729,141919.0041,46106.21974,15987.6971,563.0909469,802.6307054,88.43700744,50319.52282,16514.06692,-12.73281198,1.8,0.099312479,4751.095436,387.3249079,410,0,4465.514523,386.888075,1137.219917,688.995412,24.21694664
64,17.537287,6402,39.864581,2.957465607,34625.19614,7930,24.93574594,75,10,19.55319149,276.40625,195.1391105,13004.84783,93.44772251,191.1086957,20.2980276,149491.9565,48586.77679,15765.76087,158.1660087,774.173913,43.61357205,53052.13043,17630.08601,-12.6581306,1.8,0.096325224,4585.891304,98.53188146,410,0,4299.956522,98.41989824,1340,646.9157596,12.08446957
66,30.250888,24109,130.569906,12.08494796,63025.08568,24403,267.5480349,1076,10,1.769736842,376.9230769,134.6153846,13038.5,116.0151419,148.2105263,23.14787463,33338.44737,21775.94297,16445.54605,421.921838,842.7828947,72.91865671,11842.96711,7540.827861,-12.41259148,1.762539205,0.128709488,5144.927632,287.7732363,410,0,4859.032895,287.4828008,1227.105263,678.1918992,1.718591815
67,22.056817,10181,145.622837,3.883134072,433113.8696,11017.23,41.58721597,245,1,61.05232558,373.4177215,274.8726721,13060.23026,223.0129059,208.2236842,43.51242977,146157.1908,104000.7211,15743.42105,548.5237548,768.9802632,68.90663691,52954.68421,41503.90266,-13.98715801,1.8,0.14948632,4619.019737,143.3477769,404.6052632,46.71979152,4338.401316,149.1733476,1121.842105,696.6200553,85.64171341
68,9.42811,5437,20.64998,2.212857745,16787.45195,6280.752,7.00616991,25,1,152.5,48.4375,102.3813147,13081.5,390.3864926,249.5,64.29530592,333659.4545,136612.5355,15370.5,929.3098979,708.1363636,96.56147145,123906.5,55236.90671,-14,1.8,0.15,4442.909091,223.2053496,391.3636364,85.40254704,4174.727273,248.8360508,1018.636364,709.1114508,102.5
69,32.539073,18725,247.233194,3.708929987,210159.9206,22938.567,43.95510528,734,1,67.14982578,172.1695761,177.6208273,12974.588,368.7125523,208.088,68.58215698,171472.368,148186.363,15686.796,958.4227514,762.708,108.7300084,63085.276,58931.78635,-13.4,1.8,0.126,4683.328,244.9319179,393.6,80.34326356,4415.052,260.7798637,1127.76,710.4121215,83.20430666
70,31.139096,17277,184.579789,6.90473728,172944.0419,17562.719,85.8513132,685,10,34.39726027,243.2885906,210.3845726,12836.03398,261.1781258,140.0582524,33.78525135,56966.56796,68342.89119,16199.23301,790.5530472,818.2475728,114.3535306,18629.24272,18703.34555,-12.56325599,1.8,0.09253024,5050.31068,191.3349388,402.038835,56.57470743,4776.694175,204.5836375,1125.533981,699.7846106,66.16240011
71,12.08241,7083,42.971322,3.328679995,61768.68934,7760.763,15.84834664,63,1,37.53846154,351,100.144895,13059.7451,108.5631366,216.0392157,24.150639,185233.0588,25557.88047,15635.39216,139.5773843,757.0392157,43.15315215,65927.05882,9123.936823,-14,1.8,0.15,4473.156863,90.88483826,410,0,4187.568627,90.84035876,1221.764706,679.1710804,10.81569646
72,10.02764,14512,91.503207,3.364320857,84066.57995,15417.97,21.50573112,104,1,57.25714286,314.0268456,140.1050395,12769.48077,398.8034261,191.9807692,64.53755329,159738.4231,74667.6857,15301.23077,1002.054056,717.7403846,97.97252315,61671.92308,46250.01251,-13.58908281,1.743965837,0.196695136,4434.826923,112.1735813,386.3461538,95.59588111,4171.75,167.4186226,1129.423077,719.4266239,57.94973661
73,23.118935,2109,26.890016,3.145973138,2791.812475,3679.901,11.67476085,40,1,195.483871,244.1860465,287.7760156,12554.94444,830.2304548,286.8333333,89.52234358,243270.8333,139008.1188,14154.55556,2266.734196,623.8888889,208.0491098,122142.0556,94174.22699,-13.96511628,1.8,0.148604651,4694.944444,86.70029618,250.5555556,199.8741888,4559.333333,119.7794269,633.8888889,737.7302947,93.05179653
74,21.370506,9602,86.637861,4.640777133,779060.0167,13321.993,39.52243044,266,1,33.4,365.035461,186.5613588,12898.85,167.0192429,180.8,32.28343228,112585.97,33071.89941,15635.77,186.4552415,747.96,51.89719068,39791.09,11801.28476,-13.29816247,1.709388493,0.224015463,4505.83,119.4985402,410,0,4220.53,119.487778,1113.8,689.8619862,20.35681704
75,69.06726,24563,468.476473,6.997725496,599691.4107,25174.569,128.9676777,1373,10,17.875,471.6402116,255.3692371,12956.86703,393.1246999,136.1876138,24.93889347,49343.27687,36231.18935,16483.58834,766.851965,855.154827,102.4435678,16748.36612,7448.323398,-12.5,1.8,0.09,5193.145719,368.4449336,406.2659381,38.94896883,4913.28051,369.4928262,1125.173042,694.3704262,35.31823171
76,39.531716,11453,70.893657,2.671236488,16302.32895,13885.744,10.32846411,31,10,142.25,246.5217391,252.7003501,12743.09615,408.551393,150.3461538,63.35761888,96419.88462,109393.1618,15796.65385,1347.908235,768.1923077,151.0673612,36223.5,47815.02341,-12.5,1.8,0.09,4953.826923,149.2738476,378.4615385,109.2524356,4697.807692,153.9170654,1254.230769,713.2788487,101.9862123
77,40.240938,6843,96.906316,3.809417004,104703.5716,6573.388,13.95456389,179,1,47.74336283,244.9689441,238.5544568,13196.39823,95.1234447,203.0265487,20.51481665,114266.0796,25777.06011,16110.76106,150.621619,826.5752212,39.98668037,40423.19469,9127.537885,-14,1.8,0.15,4837.115044,110.361975,410,0,4551.831858,110.282012,1179.380531,685.418654,20.49423781
78,7.80485,5265,28.041883,3.359740029,18079.14314,5444.374,13.05621926,92,1,41.57575758,194.4680851,231.3954753,13186.71875,96.47805268,196.9375,17.46055823,91539,10649.51924,16191.75,167.9691192,845.53125,41.15290419,31921.875,3517.472448,-14,1.8,0.15,4892.28125,120.2786438,410,0,4607.15625,120.2936795,1401.875,620.4607033,7.459101835
79,24.725975,5672,58.365479,3.454768795,29960.85644,6354.304,12.52597841,44,1,50,270.6382979,150.2537464,12857.76471,280.6576372,114.1323529,33.91854621,56936.51471,15909.30722,16191,494.720004,726.3382353,133.9109241,20116.52941,5654.158297,-14,1.8,0.15,5117.058824,289.6750655,410,0,4831.691176,289.8767617,1242.058824,675.2179579,0
80,12.564016,11471,50.180032,4.469777165,8473.141732,12753,12.80705882,146,1,49.50877193,195.8024691,209.2423971,13052.77193,163.0664505,175.9473684,50.8508038,176213.4035,144556.2894,15863.10526,342.2224415,726.5964912,97.15458105,62869.24561,51778.62419,-14,1.8,0.15,4767.385965,260.5840777,410,0,4481.824561,261.0946002,1257.368421,671.8148406,2.636603391
81,81.552403,20447,529.302963,9.066903083,312743.8274,20532.403,135.6077702,681,1,16.01134522,378.147714,98.17964125,13026.27229,172.6471479,144.5996759,31.14513836,53270.23501,40562.65776,16413.85737,304.28771,832.082658,71.31075174,18927.93517,14171.19433,-13.28095475,1.752039128,0.175274106,5139.418152,205.5738307,410,0,4853.628849,205.4910394,1206.23987,681.772022,22.34817026
82,46.067739,10113,155.051573,6.781066653,30554.04861,13238.686,54.13943493,261,100,18.27322404,332.9880478,155.2925393,12716.34426,136.2992391,86.53005464,21.22808541,38936.99454,43326.08282,16544.55191,326.4790745,787.1311475,90.55532537,13945.62295,15594.73353,-12.16363935,1.635458472,0.261929028,5344.994536,238.1126265,410,0,5058.912568,238.1637931,1058.52459,688.7523433,10.36501545
83,21.916278,7588,71.96923,13.27135183,21716.51028,7573.757,171.9144224,454,10,1.55952381,311.8103448,161.3926415,12886.52439,168.0814426,99.81707317,25.44009129,37437.9878,9827.660952,16777.39024,245.5249605,824.0731707,81.09882266,13384.5,3582.639316,-12.34696827,1.68493537,0.213518214,5492.353659,185.6344015,410,0,5206.5,185.965985,1116.829268,689.7947345,1.050523571
84,30.813839,2023,37.916227,3.2255648,40285.76278,2171.971,15.54911181,112,1,33.62790698,214.3333333,254.0496452,13113.27907,119.874804,161.7674419,34.81368163,78161.09302,14189.93337,16340.74419,220.6432555,819.4418605,55.84875853,27472.53488,5034.975436,-13.89347387,1.799327203,0.146496972,5078.651163,205.8231216,410,0,4793.511628,205.5591775,1116.046512,689.8133874,11.87144954
85,54.650678,13463,178.327384,5.003173112,502650.7501,13425.565,31.58383761,345,1,34.71291866,355.3003534,176.4695939,13091.41148,135.064199,168.6698565,30.57144899,72146.52632,28308.85304,16281.79426,258.6938683,837.7177033,51.6077562,25432.27751,10028.31655,-13.51064335,1.8,0.130425734,4999.464115,195.3307339,410,0,4714.124402,195.3072511,1228.755981,677.8804448,19.35895811
86,16.847568,11112,29.393028,3.677780592,43544.1139,11230.072,12.73589316,46,1,42.44117647,300.4166667,157.8891797,12942.70588,265.1231156,133.5588235,43.57629629,55739.82353,12108.53315,16318.5,290.5436335,785.8235294,119.9030173,19681.91176,4341.41208,-13.73371758,1.8,0.139348703,5142.588235,218.849951,410,0,4857.088235,218.963248,937.6470588,670.6277078,9.143275177
87,16.862998,8257,73.108461,2.888837619,116872.6311,31116,13.1182233,195,1,50.21176471,331.512605,145.905683,12948.70588,105.6814106,186.2941176,24.1562675,148343.2118,20901.83672,15597.58824,182.7578465,728.9529412,41.48476854,52268.96471,7255.219693,-14,1.8,0.15,4493.882353,143.2663018,410,0,4208.611765,143.1305528,1091.882353,689.9522475,24.14616965
88,26.83394,11993,66.143278,8.702604318,100782.2008,12096.314,90.76798454,493,1,31.30769231,264.0740741,142.9972613,12896.88462,160.3740004,171.1025641,40.87177879,122420.7564,45299.7627,15613.28205,289.7652851,716.474359,45.28704019,43540.33333,16080.81506,-13.34176429,1.716245589,0.218033874,4530.705128,279.6933352,410,0,4244.948718,279.7734384,1223.846154,678.7946156,49.67569382
89,98.016767,14368,245.599326,15.9765221,21321.74129,17479.876,222.7195141,954,10,7.178321678,254.8635236,123.8251739,12899.25614,166.4758378,137.8070175,32.15229036,66487.51579,33296.79443,16112.47018,344.0008823,769.3052632,70.29987003,31675.3193,144613.4201,-12.66810262,1.772162082,0.128088159,4944.929825,263.4211663,408.5614035,24.243659,4667.242105,286.5142248,1202.666667,684.2036563,36.47577535
90,41.500977,13815,111.940593,10.9143433,39236.83957,14225.776,74.03210568,607,10,11.8828125,253.715847,84.07884746,12792.86719,154.8219426,130.734375,24.9720107,68824.125,20906.01302,15985.53906,299.589091,767.671875,53.26776543,24373.3125,7360.590101,-12.91147348,1.762043222,0.149223576,4835.679688,242.0430273,410,0,4550.070313,241.9150866,1110.78125,689.9157663,44.55151882
91,160.639415,48145,671.573429,9.236963018,172190.7658,48413.967,112.3743732,378,100,14.38209332,215.2289377,81.13234093,12747.62421,194.5199932,123.3846154,35.59148368,85726.08071,40101.41847,15910.02396,249.3528637,732.334174,65.32277453,30439.95082,14205.6905,-12.55419949,1.620907357,0.29394569,4819.674653,197.3597929,410,0,4534.056747,197.32971,1121.752837,689.6570264,54.82413964
92,12.066273,10238,50.192866,4.309664377,41029.1407,11368.326,21.98794243,88,1,6.423728814,218.5882353,101.287627,13231.62069,151.7095487,221.4827586,40.24075879,177370.5172,106390.847,16006.67241,217.0856646,798.3965517,50.52139856,62599.63793,37425.61935,-14,1.8,0.15,4787.293103,143.1700229,410,0,4501.655172,143.1269694,1004.827586,683.4048666,14.67293529
93,8.225936,8110,33.218471,4.610432058,26962.20679,8552.351,30.99616632,192,1,1.125,187.6363636,99.12276385,13229.875,152.0131882,220.25,26.63526797,182350.975,71778.15643,16002.05,214.0317675,803.025,45.2749862,65001.15,25893.25062,-14,1.8,0.15,4768.7,167.3396546,410,0,4482.525,167.3417144,1272.5,668.0896272,0.45757513
94,5.326761,19464,56.847598,6.035476696,65128.6288,20465,120.3946235,349,1,1.808823529,229.2134831,49.72338584,13718.52941,374.6198257,268.1617647,48.45938575,204711.1029,44838.68961,16620.16176,479.3516949,902.4558824,98.06321998,74599.72059,17192.11536,-14,1.8,0.15,5169.602941,290.1798702,410,0,4883.132353,289.7563329,1201.470588,682.4981463,0.600425167
95,4.927127,9734,23.6974,4.288927686,27284.88304,10252,39.41656366,127,1,1.482758621,212.1052632,101.0772996,13358.58621,331.1364462,237.1034483,42.85609024,209511.8621,58227.55382,16121.17241,399.9098234,822.5862069,79.94546298,75240.34483,21350.74976,-14,1.8,0.15,4836.862069,250.1794837,410,0,4550.655172,249.7161528,1266.551724,669.5972843,0.622602417
96,40.819778,21197,533.667929,8.975085211,334074.2866,20586,476.0921123,2775,1,1.2784,285.5862069,123.4981085,13814.5312,427.5074467,275.6544,45.64824378,229110.7728,75165.0743,16606.6368,728.9714952,870.7024,101.8750344,83820.416,27447.45485,-13.97886788,1.8,0.149154715,5179.0016,527.8083395,410,0,4891.7952,527.194989,1189.424,684.1807862,2.248397972
97,40.686533,7582,104.346742,5.713261072,36743.52048,4140,29.91242805,104,10,16.49557522,305.3846154,169.4753477,12986.85841,126.0426861,159.079646,29.89573077,57048.88496,51238.65355,16097.0885,270.5128383,795.1946903,57.84077296,20203.20354,18071.19973,-12.91296342,1.8,0.106518537,4886.513274,231.8705053,410,0,4601.123894,231.9184756,1154.955752,687.8080149,15.13837291
98,7.349217,3132,12.16616,5.173269707,15331.32555,3161,38.86400651,92,10,8.357142857,368.4210526,137.8505353,13053,76.26551364,164.5714286,22.4776533,41649.42857,5949.196185,16190.85714,170.3986323,803.1428571,39.63378275,14492.5,1997.22875,-12.5,1.8,0.09,4979.214286,136.4881882,410,0,4694,136.3744844,1395.714286,623.420453,4.41761317
99,11.76161,15913,82.171542,9.996927313,14164.39421,15930,252,556,10,2.989795918,432.1969697,154.4948484,13145.33673,136.315057,152.1938776,27.74764493,32993.41837,8270.608221,16743.92857,295.6851694,898.3061224,70.02818793,11837.22449,2934.837994,-12.56980352,1.8,0.092792141,5324.867347,198.5198616,410,0,5038.714286,198.4076406,1170.408163,686.3983468,3.712897812
100,43.175593,10112,195.550529,8.78755381,150514.5914,12825.766,102.9190031,757,10,17.14224138,307.9742765,119.6729707,12897.77922,270.4916939,169.8614719,36.84562196,117286.5671,41388.76077,15717.71861,411.3050222,751.6060606,71.22044163,41481.52814,14774.68606,-12.71364398,1.705228355,0.205321813,4580.212121,306.4270469,410,0,4294.731602,306.6413176,1282.207792,665.507566,18.99390851
101,16.356135,11693,77.995753,4.503134107,43957.55841,15440.629,35.0768167,152,10,20.97849462,386.6141732,73.9782951,12920.08602,279.4098872,191.2795699,42.83033936,149224.5591,38365.88887,15588.88172,201.9078279,749.9139785,51.99103643,52825.09677,13654.60227,-12.51937133,1.742505982,0.155551447,4442.258065,112.3402956,410,0,4156.827957,112.5105131,1166.774194,686.7613902,10.71927065
104,50.872138,12672,137.46639,2.341981637,1531958.144,13092.215,8.392956839,39,1,72.0308642,253.59447,278.6950856,13081.14194,307.4705428,235.316129,49.12022839,217818.6387,125515.74,15494.54194,636.8443699,733.2580645,76.54615632,79508.5871,46904.36626,-13.80771799,1.8,0.142308719,4444.167742,122.6496621,402.0645161,56.48518817,4167.496774,156.1451093,1158.83871,697.7410138,64.75637371
106,57.597224,8423,381.803482,3.374176142,314994.0179,17205.051,23.12816232,173,10,48.71208791,340.8899676,146.1845407,13006.53659,246.6724542,206.1219512,38.74741369,161352.9823,50801.44183,15614.40133,572.5659217,747.443459,73.42412872,62250.58758,58268.24184,-12.58524932,1.742415214,0.158288831,4536.662971,112.0658142,402.7272727,54.11954933,4266.361419,175.0172756,1118.736142,699.1188302,77.11685558
107,58.366316,9337,139.322627,2.55097641,250489.7088,21747.603,10.53922675,114,1,92.07272727,231.1261261,271.674972,13063.40146,365.6058158,239.540146,61.89784551,242986.4234,145057.2683,15477.0365,822.6998939,728.8686131,90.03817662,92008.12409,72975.33612,-13.55326608,1.8,0.132130643,4491.40146,166.5872324,395.0364964,76.88387383,4226.605839,219.506725,1190.80292,703.306122,93.04235358
108,34.104841,7505,118.562971,3.465709756,114176.1348,7625.003,31.19464922,160,10,23.22695035,342.4870466,147.1949505,12974.28369,128.5585843,199.0851064,25.8326555,167612.7943,35134.53984,15613.88652,144.794552,752.4184397,39.79328787,59029.09929,12208.85179,-12.65487315,1.693428408,0.216265587,4462.907801,96.65643629,410,0,4177.496454,96.71685839,1153.829787,687.8970519,18.05954249
109,10.419783,9647,58.565432,3.773711488,92739.53295,10025.872,61.80160858,267,100,28.87142857,313.2291667,159.6643275,12956.71429,111.1828793,187.3571429,21.41697305,149929.7857,21920.70823,15694.41429,157.6642448,761.7285714,46.04932803,53090.85714,8075.281841,-12.04173913,1.535217391,0.369991304,4539.471429,89.59396048,410,0,4254.071429,89.33473511,1238,676.059169,64.57109513
110,23.312946,10442,79.070526,6.025289445,30117.92073,10429,50.94942701,176,10,16.35106383,377.6923077,159.944887,13116.18085,132.7715173,157.6914894,29.77862528,58953.7234,10552.07994,16499.18085,251.6396428,859.6595745,62.89734175,20908.14894,3762.589534,-12.35038053,1.735877372,0.156260049,5164.617021,210.87488,410,0,4879.074468,210.8659572,1217.446809,679.9310606,7.343701088
111,51.540823,14099,166.983003,6.405587965,77975.91017,14342,73.65304681,279,10,6.512690355,376.1940299,190.4483899,13008.64975,123.3134101,160.7563452,25.49492878,45549.30964,9699.606046,16211.08629,217.4598339,827.5126904,51.72924524,16180.19289,3406.527558,-12.52251796,1.759236375,0.136827736,4951.035533,166.2313041,410,0,4665.436548,166.33735,1145.532995,688.4960032,20.50445269
112,14.92094,5144,48.549157,7.1569666,18633.97492,4989,31.58377069,153,10,11.57142857,394.5679012,194.3272624,12999.26786,73.95039145,159.1964286,13.23876834,53890.83929,6381.428537,16216.01786,217.0068705,839.2678571,52.94319431,19157.625,2223.495724,-12.5,1.8,0.09,4946.732143,131.6633276,410,0,4661.017857,131.8429113,1223.214286,678.9095962,8.421607292
113,18.441458,8097,69.424367,7.202995351,29830.00038,7922,47.06403173,194,10,14.18292683,351.2727273,167.0988226,12965.5,80.41906248,155.3536585,14.66152419,55572.12195,7009.96956,16146.41463,213.9122199,822.6219512,46.47623055,19813.13415,2451.774423,-12.5,1.8,0.09,4904.04878,156.5986716,410,0,4618.097561,156.3898825,1234.634146,676.737502,10.11172713
114,2.142629,8009,22.719078,9.987700867,8972.755295,8095,99.73691043,254,10,4.708333333,328.6111111,43.53496537,12960.625,69.34203421,153.7083333,9.757386803,49833.16667,5946.526512,16181.66667,174.5271389,836.625,44.95999379,17829.20833,2105.434416,-12.5,1.8,0.09,4918.208333,114.1227333,410,0,4632.625,114.2270446,1387.5,627.2509466,3.690970589
115,22.502854,5228,49.028182,5.680647551,12519.68528,5088,28.31456622,110,10,12.81355932,421.4814815,197.6223554,12972.76271,81.04285098,153.440678,16.00664183,51798.62712,6523.542728,16216.08475,235.7512542,836.7457627,46.53432967,18369.94915,2299.457411,-12.5,1.8,0.09,4946.152542,170.8869994,410,0,4660.440678,171.0382325,1205.254237,681.9248826,8.009474424
116,8.184752,7436,21.097769,8.320386309,7112.920109,7535,79.1046729,264,10,7.48,347.5675676,67.91908562,12962.12,298.4468221,176.32,60.6839155,76014.44,88631.02313,16072.76,960.854548,845.48,121.4542284,34356.28,68067.08084,-13.06844641,1.8,0.112737856,4917.56,150.2062795,393.6,80.34326356,4671.68,164.198592,1000.8,703.9995455,11.91677809
117,11.41587,4735,19.840391,5.939586489,10427.89936,4446,42.33383159,146,10,13.13043478,343.7142857,147.1459084,12969.21739,68.67564376,148.173913,21.07265315,51766.6087,7819.475323,16219.47826,223.550183,819.2608696,47.70399436,18431.3913,2908.671215,-12.77968281,1.8,0.101187312,4987.782609,197.381986,410,0,4702.26087,197.3968013,950,673.4983296,9.492808939
118,9.415418,9789,33.4171,10.09087578,12204.43399,9795,162.2084681,681,10,2.425,330.1886792,80.8793783,13007.65,87.82925196,154.95,20.72914615,52053.95,7150.619746,16270.75,187.3009277,830.625,48.27198333,18559.5,2512.554736,-12.5583524,1.8,0.092334096,5012.1,153.492964,410,0,4726.35,153.6260964,1238,676.059169,2.973949394
119,6.346872,13150,29.861783,12.57165531,15037.66641,13104,193.6611166,664,10,1.411764706,350,0,12986.29412,73.73343459,156.6470588,12.87012581,51338.47059,7890.445959,16237.41176,193.6116668,848.9411765,47.56292499,18366.38235,2818.343684,-12.71002556,1.8,0.098401022,4945.911765,124.4934129,410,0,4659.705882,124.4275195,1059.411765,688.8051939,2.365408149
120,27.477736,16893,148.511034,2.696041665,334443.1279,23734,11.08131694,34,1,69.95402299,335.2892562,272.4106477,13023.43373,224.0466922,196.3674699,45.9985977,136835.4699,95367.39128,15787.00602,529.2777927,774.4698795,69.05093935,49807.45181,39101.96732,-14,1.8,0.15,4652.487952,139.9258297,405.060241,44.73142056,4371.849398,144.5151269,1136.626506,695.4140261,60.89569149
122,17.374866,4161,20.364975,4.924652589,36850.29158,9460.378,11.94455253,71,1,94.56521739,286.3636364,235.2538047,13123.81818,219.2529955,207.4090909,56.86799634,195625.7273,79509.05349,15719.77273,186.4829828,715,73.38441747,68765.09091,27043.11174,-14,1.8,0.15,4634.5,184.5669994,410,0,4348.863636,184.8938997,1037.272727,687.1428449,84.55655483
123,45.893158,15237,129.395045,4.322070101,96659.85654,16255.991,10.42288936,161,1,70.91836735,451.4018692,229.5320253,12859.61268,774.4335672,280.5704225,74.08269056,214446.4648,60414.91853,14850.48592,1852.896266,693.5774648,149.4178056,114878.1268,89129.20906,-14,1.8,0.15,4634.225352,148.6683327,314.7183099,173.1672385,4438.15493,156.8216577,926.971831,785.3123443,62.05390571
124,15.308061,4625,32.393392,4.218734767,537807.4164,7785.868,12.20815581,87,1,55.54054054,528.1818182,239.4622074,13035.61111,279.9909004,238.75,31.53602437,195371.1667,29236.71531,15370.05556,680.6391173,717.6111111,64.49559751,73962.86111,35000.8079,-14,1.8,0.15,4361.583333,131.6867864,398.6111111,67.37757531,4086.611111,156.0228398,1088.611111,704.5256591,33.24324324
127,24.380304,7077,38.68317,4.390680445,687232.8613,10725.521,12.12956298,57,1,50,401.6393443,346.16958,13086.97959,97.47307107,242.4285714,19.23113971,200264.6327,37631.74491,15418.79592,136.815529,710.9183673,34.79082493,71321.04082,13503.95659,-14,1.8,0.15,4319.285714,103.5443314,410,0,4033.673469,103.4093091,1226.734694,678.2612457,0
128,28.855226,7102,64.027865,2.28746493,170296.7227,8260.507,7.030830893,37,1,55.54054054,319.5327103,253.8539693,13135.52055,477.7786531,256.0410959,56.40131116,210509.3151,74422.73337,15519.9589,1109.036932,748.2328767,98.98547293,86325.53425,56970.50992,-14,1.8,0.15,4617.808219,160.3756427,381.9178082,103.5620062,4358.123288,170.4303936,1119.178082,725.2581088,33.24324324
130,29.978956,14786,191.960357,3.054040542,382318.536,19121.87,10.09092307,77,1,65.97402597,337.7884615,197.4823429,13048.60748,360.9530675,224.4672897,63.05646746,185213.9813,111235.6694,15651.67757,843.8165377,770.2523364,83.58096343,71908.05607,55697.03339,-13.78286489,1.8,0.141314596,4610.28972,146.2927234,394.6728972,77.77655218,4339.126168,153.6284752,1116.915888,709.4007096,54.9500302
131,13.084757,2546,13.298327,2.563535357,28265.30307,3852.193,7.890648567,24,1,50,213.3333333,162.871066,12711.33333,754.2740145,265.2666667,83.9662366,197751.0667,66719.04852,14743.13333,1961.831215,706.3333333,169.7950398,114794.4,97000.25101,-14,1.8,0.15,4632.666667,113.945406,300.6666667,181.3088219,4450,121.4007139,760.6666667,746.0962107,0
133,26.737249,9784,80.943744,13.98935568,26639.52042,9419.602,220.3184074,681,100,9.559139785,413.5338346,92.00519345,12921.29032,119.5221292,143.5053763,23.17749356,74214.15054,9069.507436,16103.63441,200.6139386,783.6129032,58.12168034,26408.65591,3231.009208,-12.16021333,1.61488,0.284977067,4924.784946,144.5309692,410,0,4639,144.515133,1107.419355,689.9601098,44.86022794
134,34.092976,17420,241.356008,10.44925789,115910.4373,17225.359,261.1767642,496,100,2.143859649,359.7461929,86.43789207,12830.06667,123.2541766,125.6070175,25.18966552,70019.62456,14375.54852,16148.98596,150.5495191,782.845614,51.90332468,24858.0386,5072.325794,-12.06502865,1.555668038,0.347881824,4969.080702,124.8406021,410,0,4683.480702,124.8481905,1136.315789,689.0436586,15.11350062
135,18.544264,12471,113.735953,3.527810541,171980.5126,12547.758,26.12123305,172,1,42.94852941,498.5185185,233.598321,12917.85294,270.550325,191.4264706,42.49543788,131859.1618,42449.38695,15555.625,410.9502964,731.1911765,57.34166367,47168.06618,20627.47578,-13.8786795,1.8,0.14514718,4474.419118,117.3636603,406.9852941,35.02771703,4191.919118,124.8037904,1147.720588,692.2565052,24.14670841
136,8.61211,6212,24.309212,2.716038418,39400.0941,6018.818,13.7961165,36,10,47.84615385,364.3589744,276.8763018,13016.73077,121.1463062,168.2307692,37.65359079,102723.8846,34655.02931,16092.65385,229.4667635,808.6538462,47.2667897,36132.5,12197.94105,-12.80971448,1.8,0.102388579,4860.153846,192.6624574,410,0,4574.769231,192.7037,1312.307692,656.5252804,4.712441044
137,92.37996,15965,620.664322,9.485322917,136382.7443,14096.086,211.2904162,430,100,8.629781421,391.5353938,116.0698877,12810.77702,100.2557377,124.6511628,16.54153858,70458.19152,10004.2586,16113.33653,158.508227,781.5430917,44.97172531,24928.4145,3549.666771,-11.8292544,1.508128271,0.392012324,4937.21751,131.2361851,410,0,4651.685363,131.0821196,1117.934337,689.7668878,42.44554002
138,12.347018,2535,11.785293,2.129091831,16960.38318,2635.877,9.717842324,20,1,227.4,242.2222222,172.9982516,13177.33333,57.19518239,203.4666667,22.41983249,142498.4,18385.04827,16016.86667,154.68112,802.5333333,38.46013809,50376.26667,6471.369525,-14,1.8,0.15,4779.466667,160.1552858,410,0,4493.933333,160.0618492,1238,676.059169,70.37025887
139,15.405332,9126,79.241177,3.492337423,64063.41144,9294.27,20.19757666,87,1,46.36842105,304.5454545,219.7152552,13095.6383,134.6234189,194.7553191,30.52856568,132159.2766,28898.32858,15919.3617,128.8422135,786.212766,40.96622177,46997.15957,10254.18028,-13.45420501,1.738529852,0.197424567,4721.893617,105.3465879,410,0,4436.138298,105.6634159,1290.851064,663.080592,52.38964394
140,13.504434,2557,24.848438,2.480174185,17325.07048,2649.274,11.50039557,27,1,88,189.5238095,200.6056589,13168.85714,59.47431275,211.7142857,20.94526394,159668.1429,20738.95155,15858.57143,171.5156029,774.1785714,40.96518868,56746.35714,7645.910304,-14,1.8,0.15,4673.142857,128.8966126,410,0,4387.178571,129.3798542,1050.714286,688.237545,85.51386256
141,8.879302,4613,19.217211,1.877254561,112568.1936,5387.38,7.307653061,21,1,67.08333333,278,192.048605,13157.95833,183.1159649,237.875,56.879487,249681.5417,139287.012,15747.83333,221.7488569,775.1666667,56.68014546,87805.5,49947.90129,-13.43528578,1.8,0.127411431,4537.416667,155.1990433,410,0,4252.541667,155.2685789,985,680.3491751,56.65900684
143,12.603128,5617,29.598433,8.461903864,6987.748909,5727,115.6023217,259,10,3.96875,439.2156863,152.5321327,13033.65625,144.3519158,158.90625,30.77576093,39941.4375,6026.981769,16264.625,144.142887,821.59375,59.88158073,14226.1875,2224.43006,-12.5,1.8,0.09,5015.59375,152.3074316,410,0,4729.875,152.6590871,970.625,677.762576,1.510057429
144,24.913368,10725,134.877857,14.9496866,39036.61424,10784,395.8652544,808,10,9.272151899,361.1926606,136.9103689,13079.78481,136.1174261,143.2531646,25.29119943,31733.76582,10524.85886,16677.07595,305.8164119,880.4936709,67.30995251,11298.94304,3670.482608,-12.5238732,1.8,0.090954928,5298.531646,204.7876848,410,0,5012.651899,204.7765354,1082.531646,689.7788461,44.42924239
145,16.884079,5396,75.225344,2.633830626,46409.56782,6732.531,10.89298314,58,1,52.22826087,336.0483871,195.1666721,12992.96667,305.7584904,210.4555556,49.43416747,176722.1667,79203.37884,15545.43333,775.9509299,742.3333333,73.73661837,68525.68889,47420.58943,-14,1.8,0.15,4527.688889,147.6420329,396.3333333,73.59725236,4254.633333,160.9644164,1101.666667,707.5030428,21.25625394
146,23.928251,6476,70.631305,2.572985665,24925.60314,7233.193,6.87048951,174,1,54.93975904,503.125,259.4879272,12711.83133,812.5383375,279.1084337,89.1620985,208735.3855,72676.72464,14628.9759,2003.116481,684.2048193,165.4002636,122292.5422,98632.24687,-14,1.8,0.15,4638.855422,128.9134512,291.4457831,185.8820233,4464.819277,127.3418835,823.4939759,782.2125458,31.43643401
153,9.184736,1883,13.835505,5.448092989,4919.224507,2649.274,9.116345468,83,1,62.05882353,533.3333333,298.142397,12338.0625,985.5363685,350.9375,59.09787301,267493.125,45247.11299,13463.0625,2229.76536,598.3125,190.6596178,188716.375,98434.12468,-14,1.8,0.15,4598.5,112.9031665,179.375,203.392132,4529.875,81.17332921,438.125,671.4463749,48.23529412
154,8.201831,12873,77.758131,3.262948664,69835.3105,14105.501,7.833776427,83,1,50,463.6507937,161.7886294,12932.8,456.6932644,221.2555556,63.75797312,177009.2778,45353.31196,15374.45556,1134.851152,732.5222222,95.59012359,75955.76667,58682.06663,-14,1.8,0.15,4539.2,89.76713083,378.1111111,109.806845,4283.433333,128.1027409,1037.444444,727.5080162,0
156,34.678827,10092,191.652811,14.20406075,68366.1606,13743.513,236.5405972,1270,10,4.586666667,322.2435897,106.9781533,13040.91111,188.1546435,180.92,29.49911938,117275.2,47878.4174,15943.01778,576.1491085,786.4533333,86.80342441,42082.69778,20308.53914,-12.90162692,1.8,0.106065077,4759.448889,351.3008945,408.1777778,27.27252495,4475.373333,351.3529447,1107.377778,692.3202627,29.1145294
158,30.942214,10177,88.532189,3.173649232,98817.78959,11876.642,12.97450394,45,1,5.857142857,226.369863,124.4928349,12963.92308,117.4916276,201.9230769,25.60637402,187766.9231,44698.65528,15465.93269,153.9642356,706.1538462,36.73574272,66133.29808,15228.96005,-13.92371652,1.8,0.146948661,4393.096154,117.1555934,410,0,4107.769231,117.1169887,1153.076923,687.9555511,26.55719025
159,6.397554,23420,82.110175,6.946537921,45086.02181,23897.604,165.9994036,869,10,1.195652174,403.6842105,70.23562582,13166.70652,169.9556552,217.2282609,28.16415516,183357.5652,60295.1692,15846.27174,430.1542469,783.326087,64.93895272,65398.69565,21864.63863,-12.92311688,1.8,0.106924675,4635.793478,330.8174834,410,0,4349.880435,330.9091837,1115,689.8369373,0.423215703
160,7.27033,16061,47.362423,4.469929641,40387.35538,16459.166,73.39576851,425,10,15.98113208,355.3164557,82.45958647,13074.49057,99.35786713,212.6792453,24.39438041,186371.0943,42532.77394,15622.24528,193.1840364,743.754717,46.80263888,66734.18868,15877.2399,-12.95018984,1.8,0.108007594,4483.924528,134.4138707,410,0,4198.207547,134.8243243,1060.943396,688.8937376,58.55057178
161,10.898606,6856,32.500036,3.533494796,21504.17981,7425.052,22.90788281,91,1,7.421052632,296.0784314,111.5853394,13096.78947,95.87194252,239.8947368,19.43516817,239624,32141.20277,15339.21053,156.0017135,695,45.25774141,85763.28947,12288.27582,-13.947502,1.8,0.14790008,4255.526316,95.24973735,410,0,3969.157895,95.28199872,1281.578947,665.6794167,16.27499144
162,41.072406,10550,177.0005,8.129130656,32400.05528,11068.526,150.6491471,1241,10,3.85645933,299.0559441,134.6719026,12898.50718,137.5517691,166.7320574,19.18419844,119756.9187,39624.49007,15734.67943,323.0419079,745.3684211,59.27240785,42629.86124,13994.66894,-12.5,1.8,0.09,4609.215311,235.2006912,410,0,4323.354067,235.3597653,1129.712919,689.3599513,24.88304642
163,12.850836,11986,85.221198,3.142207268,124949.3336,13066.077,31.19081069,174,1,19.06,386.0583942,109.1931769,13051.41,77.13249575,214.68,16.97991755,187755.09,27976.29772,15562.54,145.8329469,735.57,40.49549481,66714.86,9803.345322,-13.99475039,1.8,0.149790015,4432.03,98.71488793,410,0,4146.33,98.74837264,1113.8,689.8619862,32.39191875
164,22.671836,8929,116.467013,12.33404696,90534.5295,10405.354,184.3735366,964,1,1.985611511,403.4554974,101.8396073,13129.21583,109.6476871,199.5755396,35.96000545,137295.6691,61528.64353,15944.36691,511.5007422,791.028777,87.77283814,49101.72662,22096.85052,-13.35555151,1.8,0.12422206,4727.172662,367.9376497,410,0,4441.330935,367.9854429,1214.172662,680.4885034,5.956660756
165,13.846868,1907,14.70543,1.859397976,12154.82215,1902.62,8.578912021,21,1,218.7647059,322,278.5964824,13089.17647,83.64015029,165.7058824,32.85935216,115062.3529,14930.10922,16097.76471,181.8701959,765.4705882,65.74381442,40807.35294,5790.265197,-14,1.8,0.15,4935.352941,234.6270987,410,0,4650.235294,234.6106987,1221.764706,679.1710804,78.27743226
166,41.070053,9375,84.954848,13.92482698,36361.09936,8867.865,212.0359779,728,100,45.86,332.0740741,139.9105338,12905.53,152.1895828,128.43,30.2156433,67984.26,15193.57393,16280.3,206.1136822,790.33,75.76728252,24226.46,5404.960319,-12.24287334,1.586911265,0.319794909,5078.36,179.3437771,410,0,4792.53,179.1883621,1224.2,678.729961,94.93576987